log_id,game_id,action_type,value,timestamp,user_id
log_1764608839209,2,DIBS,4,2025. 12. 2. 오전 2:07:19,22학번 김범근
log_1764608995138,3,DIBS,4,2025. 12. 2. 오전 2:09:55,ㅝㅓㅓ
log_1764610870621,5,DIBS,ㅁㅁ,2025. 12. 2. 오전 2:41:10,ㅋㅋ
log_1764610883849,1,DIBS,22,2025. 12. 2. 오전 2:41:23,11
log_1764611200318,2,DIBS,ㅇㅇ,2025. 12. 2. 오전 2:46:40,마피아
log_1764613656976,2,VIEW,1,2025. 12. 2. 오전 3:27:36,Anonymous
log_1764613658598,2,VIEW,1,2025. 12. 2. 오전 3:27:38,Anonymous
log_1764613658697,5,VIEW,1,2025. 12. 2. 오전 3:27:38,Anonymous
log_1764613659791,3,VIEW,1,2025. 12. 2. 오전 3:27:39,Anonymous
log_1764613660205,4,VIEW,1,2025. 12. 2. 오전 3:27:40,Anonymous
log_1764613660285,5,VIEW,1,2025. 12. 2. 오전 3:27:40,Anonymous
log_1764613661520,3,VIEW,1,2025. 12. 2. 오전 3:27:41,Anonymous
log_1764613661790,8,VIEW,1,2025. 12. 2. 오전 3:27:41,Anonymous
log_1764613662250,9,VIEW,1,2025. 12. 2. 오전 3:27:42,Anonymous
log_1764613662185,4,VIEW,1,2025. 12. 2. 오전 3:27:42,Anonymous
log_1764613663873,8,VIEW,1,2025. 12. 2. 오전 3:27:43,Anonymous
log_1764613664405,9,VIEW,1,2025. 12. 2. 오전 3:27:44,Anonymous
log_1764613665097,9,VIEW,1,2025. 12. 2. 오전 3:27:45,Anonymous
log_1764613665461,8,VIEW,1,2025. 12. 2. 오전 3:27:45,Anonymous
log_1764613665504,8,VIEW,1,2025. 12. 2. 오전 3:27:45,Anonymous
log_1764613665494,8,VIEW,1,2025. 12. 2. 오전 3:27:45,Anonymous
log_1764613666091,8,VIEW,1,2025. 12. 2. 오전 3:27:46,Anonymous
log_1764613666456,9,VIEW,1,2025. 12. 2. 오전 3:27:46,Anonymous
log_1764613667342,7,VIEW,1,2025. 12. 2. 오전 3:27:47,Anonymous
log_1764613667967,8,VIEW,1,2025. 12. 2. 오전 3:27:47,Anonymous
log_1764613668891,8,VIEW,1,2025. 12. 2. 오전 3:27:48,Anonymous
log_1764613670606,8,VIEW,1,2025. 12. 2. 오전 3:27:50,Anonymous
log_1764613671818,8,VIEW,1,2025. 12. 2. 오전 3:27:51,Anonymous
log_1764613672583,8,VIEW,1,2025. 12. 2. 오전 3:27:52,Anonymous
log_1764613873745,13,VIEW,1,2025. 12. 2. 오전 3:31:13,Anonymous
log_1764613875637,13,VIEW,1,2025. 12. 2. 오전 3:31:15,Anonymous
log_1764613930180,2,VIEW,1,2025. 12. 2. 오전 3:32:10,Anonymous
log_1764613930074,2,VIEW,1,2025. 12. 2. 오전 3:32:10,Anonymous
log_1764613933962,2,MISS,입고요청,2025. 12. 2. 오전 3:32:13,anonymous
log_1764615153452,4,VIEW,1,2025. 12. 2. 오전 3:52:33,Anonymous
log_1764615155080,4,VIEW,1,2025. 12. 2. 오전 3:52:35,Anonymous
log_1764615255845,3,VIEW,1,2025. 12. 2. 오전 3:54:15,Anonymous
log_1764615256509,3,VIEW,1,2025. 12. 2. 오전 3:54:16,Anonymous
log_1764616181897,2,VIEW,1,2025. 12. 2. 오전 4:09:41,Anonymous
log_1764616182258,2,VIEW,1,2025. 12. 2. 오전 4:09:42,Anonymous
log_1764616193073,2,VIEW,1,2025. 12. 2. 오전 4:09:53,Anonymous
log_1764616193828,2,VIEW,1,2025. 12. 2. 오전 4:09:53,Anonymous
log_1764616197142,3,VIEW,1,2025. 12. 2. 오전 4:09:57,Anonymous
log_1764616199038,3,VIEW,1,2025. 12. 2. 오전 4:09:59,Anonymous
log_1764616205298,3,DIBS,ㅇ,2025. 12. 2. 오전 4:10:05,ㅇ
log_1764653720860,3,AUTO_CANCEL,시간만료,"12/2/2025, 오후 2:35:20",ㅇ
log_1764653799531,10,VIEW,1,2025. 12. 2. 오후 2:36:39,Anonymous
log_1764653800763,10,VIEW,1,2025. 12. 2. 오후 2:36:40,Anonymous
log_1764653826962,10,DIBS,ㄴㄴ,2025. 12. 2. 오후 2:37:06,ㅇㅇ
log_1764653876429,6,VIEW,1,2025. 12. 2. 오후 2:37:56,Anonymous
log_1764653877443,6,VIEW,1,2025. 12. 2. 오후 2:37:57,Anonymous
log_1764653886034,6,DIBS,ㅊ,2025. 12. 2. 오후 2:38:06,ㅊ
log_1764653892413,3,VIEW,1,2025. 12. 2. 오후 2:38:12,Anonymous
log_1764653892740,3,VIEW,1,2025. 12. 2. 오후 2:38:12,Anonymous
log_1764653898286,3,DIBS,ㅊㅊㅊ,2025. 12. 2. 오후 2:38:18,ㅊㅊ
log_1764655906728,3,AUTO_CANCEL,시간만료,"12/2/2025, 오후 3:11:46",ㅊㅊ
log_1764655907024,6,AUTO_CANCEL,시간만료,"12/2/2025, 오후 3:11:47",ㅊ
log_1764655907243,10,AUTO_CANCEL,시간만료,"12/2/2025, 오후 3:11:47",ㅇㅇ
log_1764657237631,125,VIEW,1,2025. 12. 2. 오후 3:33:57,Anonymous
log_1764657238504,125,VIEW,1,2025. 12. 2. 오후 3:33:58,Anonymous
log_1764658521648,23,VIEW,1,2025. 12. 2. 오후 3:55:21,Anonymous
log_1764658522501,23,VIEW,1,2025. 12. 2. 오후 3:55:22,Anonymous
log_1764658531359,23,DIBS,ㅇ,2025. 12. 2. 오후 3:55:31,ㅇ
log_1764660408570,23,AUTO_CANCEL,시간만료,"12/2/2025, 오후 4:26:48",ㅇ
log_1764660446819,4,VIEW,1,2025. 12. 2. 오후 4:27:26,Anonymous
log_1764660448970,4,VIEW,1,2025. 12. 2. 오후 4:27:28,Anonymous
log_1764660460767,3,VIEW,1,2025. 12. 2. 오후 4:27:40,Anonymous
log_1764660460799,3,VIEW,1,2025. 12. 2. 오후 4:27:40,Anonymous
log_1764660463603,15,VIEW,1,2025. 12. 2. 오후 4:27:43,Anonymous
log_1764660464802,15,VIEW,1,2025. 12. 2. 오후 4:27:44,Anonymous
log_1764660469530,30,VIEW,1,2025. 12. 2. 오후 4:27:49,Anonymous
log_1764660473045,30,VIEW,1,2025. 12. 2. 오후 4:27:53,Anonymous
log_1764660477526,3,VIEW,1,2025. 12. 2. 오후 4:27:57,Anonymous
log_1764660477636,3,VIEW,1,2025. 12. 2. 오후 4:27:57,Anonymous
log_1764660483445,3,DIBS,ㅁㄴㅇ,2025. 12. 2. 오후 4:28:03,ㅁㄴㅇㅁㄴㅇ
log_1764660489564,3,VIEW,1,2025. 12. 2. 오후 4:28:09,Anonymous
log_1764660492128,3,VIEW,1,2025. 12. 2. 오후 4:28:12,Anonymous
log_1764660499717,3,VIEW,1,2025. 12. 2. 오후 4:28:19,Anonymous
log_1764660499862,3,VIEW,1,2025. 12. 2. 오후 4:28:19,Anonymous
log_1764660964795,194,VIEW,1,2025. 12. 2. 오후 4:36:04,Anonymous
log_1764660967416,178,VIEW,1,2025. 12. 2. 오후 4:36:07,Anonymous
log_1764660967091,194,VIEW,1,2025. 12. 2. 오후 4:36:07,Anonymous
log_1764660968479,178,VIEW,1,2025. 12. 2. 오후 4:36:08,Anonymous
log_1764660969813,179,VIEW,1,2025. 12. 2. 오후 4:36:09,Anonymous
log_1764660970690,179,VIEW,1,2025. 12. 2. 오후 4:36:10,Anonymous
log_1764662508807,3,AUTO_CANCEL,시간만료,"12/2/2025, 오후 5:01:48",ㅁㄴㅇㅁㄴㅇ
log_1764663802655,3,VIEW,1,2025. 12. 2. 오후 5:23:22,Anonymous
log_1764663802710,3,VIEW,1,2025. 12. 2. 오후 5:23:22,Anonymous
log_1764663803482,1,VIEW,1,2025. 12. 2. 오후 5:23:23,Anonymous
log_1764663806945,1,VIEW,1,2025. 12. 2. 오후 5:23:26,Anonymous
log_1764663824914,156,VIEW,1,2025. 12. 2. 오후 5:23:44,Anonymous
log_1764663825331,156,VIEW,1,2025. 12. 2. 오후 5:23:45,Anonymous
log_1764663827645,27,VIEW,1,2025. 12. 2. PM 5:23:47,Anonymous
log_1764663828267,27,VIEW,1,2025. 12. 2. 오후 5:23:48,Anonymous
log_1764663829904,37,VIEW,1,2025. 12. 2. 오후 5:23:49,Anonymous
log_1764663830682,37,VIEW,1,2025. 12. 2. 오후 5:23:50,Anonymous
log_1764663835482,1,VIEW,1,2025. 12. 2. 오후 5:23:55,Anonymous
log_1764663835615,4,VIEW,1,2025. 12. 2. 오후 5:23:55,Anonymous
log_1764663835675,1,VIEW,1,2025. 12. 2. 오후 5:23:55,Anonymous
log_1764663836708,2,VIEW,1,2025. 12. 2. 오후 5:23:56,Anonymous
log_1764663839313,2,VIEW,1,2025. 12. 2. 오후 5:23:59,Anonymous
log_1764663839572,4,VIEW,1,2025. 12. 2. 오후 5:23:59,Anonymous
log_1764663839492,5,VIEW,1,2025. 12. 2. 오후 5:23:59,Anonymous
log_1764663840214,5,VIEW,1,2025. 12. 2. 오후 5:24:00,Anonymous
log_1764665061769,37,VIEW,1,2025. 12. 2. 오후 5:44:21,Anonymous
log_1764665064528,37,VIEW,1,2025. 12. 2. 오후 5:44:24,Anonymous
log_1764665064651,39,VIEW,1,2025. 12. 2. 오후 5:44:24,Anonymous
log_1764665066077,39,VIEW,1,2025. 12. 2. 오후 5:44:26,Anonymous
log_1764671908476,27,VIEW,1,2025. 12. 2. 오후 7:38:28,Anonymous
log_1764671909306,27,VIEW,1,2025. 12. 2. 오후 7:38:29,Anonymous
log_1764672000157,2,VIEW,1,2025. 12. 2. PM 7:40:00,Anonymous
log_1764672001730,2,VIEW,1,2025. 12. 2. 오후 7:40:01,Anonymous
log_1764672131786,2,DIBS,6,2025. 12. 2. 오후 7:42:11,ㅂㄷㅈ(010-5403-9204)
log_1764672160227,1,VIEW,1,2025. 12. 2. 오후 7:42:40,Anonymous
log_1764672160635,1,VIEW,1,2025. 12. 2. 오후 7:42:40,Anonymous
log_1764672354867,1,VIEW,1,2025. 12. 2. 오후 7:45:54,Anonymous
log_1764672406696,2,VIEW,1,2025. 12. 2. 오후 7:46:46,Anonymous
log_1764672407376,2,VIEW,1,2025. 12. 2. 오후 7:46:47,Anonymous
log_1764672412078,3,VIEW,1,2025. 12. 2. 오후 7:46:52,Anonymous
log_1764672412448,3,VIEW,1,2025. 12. 2. 오후 7:46:52,Anonymous
log_1764672438855,3,DIBS,,2025. 12. 2. 오후 7:47:18,123(010-5403-9204)
log_1764673209747,2,RETURN,대여가능,2025. 12. 2. 오후 8:00:09,Admin
log_1764673213443,3,RENT,대여중,2025. 12. 2. 오후 8:00:13,Admin
log_1764673231876,78,VIEW,1,2025. 12. 2. 오후 8:00:31,Anonymous
log_1764673232669,78,VIEW,1,2025. 12. 2. 오후 8:00:32,Anonymous
log_1764673242742,78,DIBS,,2025. 12. 2. 오후 8:00:42,123456(011-1111-1111)
log_1764673326356,3,VIEW,1,2025. 12. 2. 오후 8:02:06,Anonymous
log_1764673327020,3,VIEW,1,2025. 12. 2. 오후 8:02:07,Anonymous
log_1764673336153,12,VIEW,1,2025. 12. 2. 오후 8:02:16,Anonymous
log_1764673336772,12,VIEW,1,2025. 12. 2. 오후 8:02:16,Anonymous
log_1764675106994,78,AUTO_CANCEL,시간만료,"12/2/2025, 오후 8:31:46",123456(011-1111-1111)
log_1764675384823,1,VIEW,1,2025. 12. 2. 오후 8:36:24,Anonymous
log_1764675386919,1,VIEW,1,2025. 12. 2. 오후 8:36:26,Anonymous
log_1764676997989,10,ADMIN_UPDATE,,2025. 12. 2. 오후 9:03:17,Admin
log_1764677009098,12,ADMIN_UPDATE,,2025. 12. 2. 오후 9:03:29,Admin
log_1764677294949,12,ADMIN_UPDATE,,2025. 12. 2. 오후 9:08:14,Admin
log_1764677372241,12,ADMIN_UPDATE,,2025. 12. 2. 오후 9:09:32,Admin
log_1764677669103,10,ADMIN_UPDATE,,2025. 12. 2. 오후 9:14:29,Admin
log_1764679615737,1764678558585,VIEW,1,2025. 12. 2. 오후 9:46:55,Anonymous
log_1764679617276,1764678558585,VIEW,1,2025. 12. 2. 오후 9:46:57,Anonymous
log_1764679624111,1764678558585,DIBS,,2025. 12. 2. 오후 9:47:04,ㅁㄴㅇ(222-2222-2222)
log_1764679645570,1764678558585,RENT,대여중,2025. 12. 2. 오후 9:47:25,Admin
log_1764681943304,3,RETURN,대여가능,2025. 12. 2. 오후 10:25:43,Admin
log_1764683986734,10,VIEW,1,2025. 12. 2. 오후 10:59:46,Anonymous
log_1764683988784,10,VIEW,1,2025. 12. 2. 오후 10:59:48,Anonymous
log_1764684014358,44,VIEW,1,2025. 12. 2. 오후 11:00:14,Anonymous
log_1764684014741,44,VIEW,1,2025. 12. 2. 오후 11:00:14,Anonymous
log_1764686046560,22,VIEW,1,2025. 12. 2. 오후 11:34:06,Anonymous
log_1764686287859,5,VIEW,1,2025. 12. 2. 오후 11:38:07,Anonymous
log_1764689778684,28,VIEW,1,2025. 12. 3. AM 12:36:18,Anonymous
log_1764689781719,14,VIEW,1,2025. 12. 3. AM 12:36:21,Anonymous
log_1764700763084,5,VIEW,1,2025. 12. 3. 오전 3:39:23,Anonymous
log_1764700773159,5,DIBS,,2025. 12. 3. AM 3:39:33,ㄴㄴㄴ(222-2222-2222)
log_1764700800118,7,VIEW,1,2025. 12. 3. 오전 3:40:00,Anonymous
log_1764700810866,7,DIBS,2,2025. 12. 3. AM 3:40:10,ㅋㅋㅋㅋㅋㅋㅋㅋ(211-1111-1111)
log_1764700886625,2,VIEW,1,2025. 12. 3. 오전 3:41:26,Anonymous
log_1764701336313,2,VIEW,1,2025. 12. 3. 오전 3:48:56,Anonymous
log_1764701375492,2,DIBS,,2025. 12. 3. 오전 3:49:35,ㅈㅈㅈ(333-3333-3333)
log_1764701437401,36,VIEW,1,2025. 12. 3. 오전 3:50:37,Anonymous
log_1764702705736,5,AUTO_CANCEL,시간만료,"12/3/2025, 오전 4:11:45",System
log_1764702706135,7,AUTO_CANCEL,시간만료,"12/3/2025, 오전 4:11:46",System
log_1764703307684,2,AUTO_CANCEL,시간만료,"12/3/2025, 오전 4:21:47",System
log_1764703972684,2,VIEW,1,2025. 12. 3. AM 4:32:52,Anonymous
log_1764703974257,3,VIEW,1,2025. 12. 3. 오전 4:32:54,Anonymous
log_1764703975644,6,VIEW,1,2025. 12. 3. 오전 4:32:55,Anonymous
log_1764703976042,5,VIEW,1,2025. 12. 3. 오전 4:32:56,Anonymous
log_1764704135120,3,VIEW,1,2025. 12. 3. 오전 4:35:35,Anonymous
log_1764704491243,3,VIEW,1,2025. 12. 3. 오전 4:41:31,Anonymous
log_1764704899604,3,VIEW,1,2025. 12. 3. 오전 4:48:19,Anonymous
log_1764704904496,3,VIEW,1,2025. 12. 3. 오전 4:48:24,Anonymous
log_1764704923769,197,VIEW,1,2025. 12. 3. AM 4:48:43,Anonymous
log_1764704978855,19,VIEW,1,2025. 12. 3. 오전 4:49:38,Anonymous
log_1764705192799,4,VIEW,1,2025. 12. 3. AM 4:53:12,Anonymous
log_1764705199149,4,DIBS,,2025. 12. 3. 오전 4:53:19,ㄷㄷ(222-2222-2222)
log_1764705219986,4,RENT,대여중,2025. 12. 3. AM 4:53:39,Admin
log_1764706532082,3,VIEW,1,2025. 12. 3. 오전 5:15:32,Anonymous
log_1764706542783,3,DIBS,,2025. 12. 3. 오전 5:15:42,ㅊㅊ(213-3333-3333)
log_1764706578548,2,VIEW,1,2025. 12. 3. AM 5:16:18,Anonymous
log_1764706604530,3,MISS,입고요청,2025. 12. 3. AM 5:16:44,anonymous
log_1764707957650,68,VIEW,1,2025. 12. 3. 오전 5:39:17,Anonymous
log_1764707983584,6,VIEW,1,2025. 12. 3. AM 5:39:43,Anonymous
log_1764708406293,3,AUTO_CANCEL,시간만료,"12/3/2025, 오전 5:46:46",System
log_1764708809389,1,VIEW,1,2025. 12. 3. 오전 5:53:29,Anonymous
log_1764708855648,1,VIEW,1,2025. 12. 3. 오전 5:54:15,Anonymous
log_1764709004464,1,VIEW,1,2025. 12. 3. AM 5:56:44,Anonymous
log_1764709014060,4,VIEW,1,2025. 12. 3. 오전 5:56:54,Anonymous
log_1764709224543,1,VIEW,1,2025. 12. 3. 오전 6:00:24,Anonymous
log_1764709306471,3,VIEW,1,2025. 12. 3. AM 6:01:46,Anonymous
log_1764709308707,6,VIEW,1,2025. 12. 3. AM 6:01:48,Anonymous
log_1764709310088,9,VIEW,1,2025. 12. 3. 오전 6:01:50,Anonymous
log_1764709318658,13,VIEW,1,2025. 12. 3. 오전 6:01:58,Anonymous
log_1764709325569,19,VIEW,1,2025. 12. 3. 오전 6:02:05,Anonymous
log_1764709384879,1,VIEW,1,2025. 12. 3. 오전 6:03:04,Anonymous
log_1764709563095,47,VIEW,1,2025. 12. 3. AM 6:06:03,Anonymous
log_1764709586485,95,VIEW,1,2025. 12. 3. 오전 6:06:26,Anonymous
log_1764734845878,4,VIEW,1,2025. 12. 3. 오후 1:07:25,Anonymous
log_1764748609355,4,RETURN,대여가능,2025. 12. 3. 오후 4:56:49,Admin
log_1764749575076,39,VIEW,1,2025. 12. 3. 오후 5:12:55,Anonymous
log_1764764122974,195,VIEW,1,2025. 12. 3. PM 9:15:22,Anonymous
log_1764764135435,175,VIEW,1,2025. 12. 3. 오후 9:15:35,Anonymous
log_1764764944908,1,VIEW,1,2025. 12. 3. PM 9:29:04,Anonymous
log_1764765795491,12,VIEW,1,2025. 12. 3. 오후 9:43:15,Anonymous
log_1764765989381,135,VIEW,1,2025. 12. 3. 오후 9:46:29,Anonymous
log_1764766860505,2,VIEW,1,2025. 12. 3. PM 10:01:00,Anonymous
log_1764771853105,196,VIEW,1,2025. 12. 3. PM 11:24:13,Anonymous
log_1764771871924,196,DIBS,6,2025. 12. 3. PM 11:24:31,김범근(010-5403-9204)
log_1764771907437,196,VIEW,1,2025. 12. 3. 오후 11:25:07,Anonymous
log_1764771947467,196,RENT,대여중,2025. 12. 3. PM 11:25:47,Admin
log_1764773154880,196,VIEW,1,2025. 12. 3. PM 11:45:54,Anonymous
log_1764773166040,12,VIEW,1,2025. 12. 3. 오후 11:46:06,Anonymous
log_1764773172973,12,DIBS,,2025. 12. 3. 오후 11:46:12,ㄷㄷ(222-2222-2222)
log_1764773185311,12,VIEW,1,2025. 12. 3. PM 11:46:25,Anonymous
log_1764773192491,12,DIBS,,2025. 12. 3. 오후 11:46:32,ㄷㄷ(222-2222-2222)
log_1764773253238,10,VIEW,1,2025. 12. 3. 오후 11:47:33,Anonymous
log_1764773265498,10,DIBS,,2025. 12. 3. 오후 11:47:45,ㄷㄷ(222-2222-2222)
log_1764773334310,10,RENT,대여중,2025. 12. 3. 오후 11:48:54,Admin
log_1764773699901,5,VIEW,1,2025. 12. 3. 오후 11:54:59,Anonymous
log_1764773714513,5,DIBS,,2025. 12. 3. 오후 11:55:14,ㄷㄷ(222-2222-2222)
log_1764775006355,12,AUTO_CANCEL,시간만료,"12/4/2025, 오전 12:16:46",System
log_1764775126266,3,VIEW,1,2025. 12. 4. 오전 12:18:46,Anonymous
log_1764775135308,3,DIBS,,2025. 12. 4. AM 12:18:55,ㄷㄷ(222-2222-2222)
log_1764775144098,12,VIEW,1,2025. 12. 4. 오전 12:19:04,Anonymous
log_1764775153392,12,DIBS,,2025. 12. 4. 오전 12:19:13,ㄷㄷ(222-2222-2222)
log_1764775605102,5,AUTO_CANCEL,시간만료,"12/4/2025, 오전 12:26:45",System
log_1764777107669,3,AUTO_CANCEL,시간만료,"12/4/2025, 오전 12:51:47",System
log_1764777109117,12,AUTO_CANCEL,시간만료,"12/4/2025, 오전 12:51:49",System
log_1764778002909,1,VIEW,1,2025. 12. 4. AM 1:06:42,Anonymous
log_1764778008976,1,DIBS,,2025. 12. 4. 오전 1:06:48,ㄷㄷ(222-2222-2222)
log_1764778022139,3,VIEW,1,2025. 12. 4. 오전 1:07:02,Anonymous
log_1764778027799,3,DIBS,,2025. 12. 4. AM 1:07:07,ㄷㄷ(222-2222-2222)
log_1764778861313,1,RENT,일괄수령,2025. 12. 4. 오전 1:21:01,Admin
log_1764778861915,3,RENT,일괄수령,2025. 12. 4. 오전 1:21:01,Admin
log_1764778902242,1,RETURN,일괄반납,2025. 12. 4. 오전 1:21:42,Admin
log_1764778902812,3,RETURN,일괄반납,2025. 12. 4. 오전 1:21:42,Admin
log_1764778902942,10,RETURN,일괄반납,2025. 12. 4. 오전 1:21:42,Admin
log_1764780842059,2,VIEW,1,2025. 12. 4. 오전 1:54:02,Anonymous
log_1764781295594,2,VIEW,1,2025. 12. 4. 오전 2:01:35,Anonymous
log_1764781333380,2,VIEW,1,2025. 12. 4. AM 2:02:13,Anonymous
log_1764781346995,2,VIEW,1,2025. 12. 4. AM 2:02:26,Anonymous
log_1764781376691,2,VIEW,1,2025. 12. 4. 오전 2:02:56,Anonymous
log_1764839887366,7,VIEW,1,2025. 12. 4. PM 6:18:07,Anonymous
log_1764840998041,118,VIEW,1,2025. 12. 4. PM 6:36:38,Anonymous
log_1764841008661,118,DIBS,,2025. 12. 4. PM 6:36:48,ㄷㄷ(222-2222-2222)
log_1764841209385,118,RENT,대여중,2025. 12. 4. PM 6:40:09,Admin
log_1764841226581,196,RETURN,대여가능,2025. 12. 4. PM 6:40:26,Admin
log_1764841259773,3,VIEW,1,2025. 12. 4. PM 6:40:59,Anonymous
log_1764841419570,76,VIEW,1,2025. 12. 4. PM 6:43:39,Anonymous
log_1764841614708,3,VIEW,1,2025. 12. 4. PM 6:46:54,Anonymous
log_1764841622767,3,DIBS,,2025. 12. 4. PM 6:47:02,ee(222-2222-2222)
log_1764841629399,5,VIEW,1,2025. 12. 4. PM 6:47:09,Anonymous
log_1764841635449,5,DIBS,,2025. 12. 4. PM 6:47:15,ee(222-2222-2222)
log_1764841668224,3,RENT,일괄수령,2025. 12. 4. PM 6:47:48,Admin
log_1764841668427,5,RENT,일괄수령,2025. 12. 4. PM 6:47:48,Admin
log_1764841679088,3,VIEW,1,2025. 12. 4. PM 6:47:59,Anonymous
log_1764841709260,19,VIEW,1,2025. 12. 4. PM 6:48:29,Anonymous
log_1764847691582,3,RETURN,일괄반납,2025. 12. 4. PM 8:28:11,Admin
log_1764847692430,5,RETURN,일괄반납,2025. 12. 4. PM 8:28:12,Admin
log_1764852843060,2,VIEW,1,2025. 12. 4. PM 9:54:03,Anonymous
log_1764855304476,2,VIEW,1,2025. 12. 4. PM 10:35:04,Anonymous
log_1764855990429,175,VIEW,1,2025. 12. 4. PM 10:46:30,Anonymous
log_1764855998277,175,DIBS,,2025. 12. 4. PM 10:46:38,ee(222-2222-2222)
log_1764856023534,162,VIEW,1,2025. 12. 4. PM 10:47:03,Anonymous
log_1764856030913,162,DIBS,,2025. 12. 4. PM 10:47:10,ee(222-2222-2222)
log_1764856294253,162,RENT,대여중,2025. 12. 4. PM 10:51:34,Admin
log_1764856477461,3,VIEW,1,2025. 12. 4. PM 10:54:37,Anonymous
log_1764857806734,175,AUTO_CANCEL,시간만료,"12/4/2025, 오후 11:16:46",System
log_1764859643971,51,VIEW,1,2025. 12. 4. PM 11:47:23,Anonymous
log_1764859666909,1,VIEW,1,2025. 12. 4. PM 11:47:46,Anonymous
log_1764859778148,51,VIEW,1,2025. 12. 4. PM 11:49:38,Anonymous
log_1764861629682,31,VIEW,1,2025. 12. 5. AM 12:20:29,Anonymous
log_1764861640267,51,VIEW,1,2025. 12. 5. AM 12:20:40,Anonymous
log_1764864905313,29,VIEW,1,2025. 12. 5. AM 1:15:05,Anonymous
log_1764865502525,12,VIEW,1,2025. 12. 5. AM 1:25:02,Anonymous
log_1764866842480,12,VIEW,1,2025. 12. 5. AM 1:47:22,Anonymous
log_1764868622480,4,VIEW,1,2025. 12. 5. AM 2:17:02,Anonymous
log_1764868634146,4,VIEW,1,2025. 12. 5. AM 2:17:14,Anonymous
log_1764868634812,3,VIEW,1,2025. 12. 5. AM 2:17:14,Anonymous
log_1764868636832,13,VIEW,1,2025. 12. 5. AM 2:17:16,Anonymous
log_1764868642837,5,VIEW,1,2025. 12. 5. AM 2:17:22,Anonymous
log_1764868659443,4,VIEW,1,2025. 12. 5. AM 2:17:39,Anonymous
log_1764868777270,8,VIEW,1,2025. 12. 5. AM 2:19:37,Anonymous
log_1764868785269,8,DIBS,,2025. 12. 5. AM 2:19:45,ㄷㄷ(222-2222-2222)
log_1764869332968,9,VIEW,1,2025. 12. 5. AM 2:28:52,Anonymous
log_1764869334134,7,VIEW,1,2025. 12. 5. AM 2:28:54,Anonymous
log_1764869403465,8,VIEW,1,2025. 12. 5. AM 2:30:03,Anonymous
log_1764869650629,8,VIEW,1,2025. 12. 5. AM 2:34:10,Anonymous
log_1764869669616,8,VIEW,1,2025. 12. 5. AM 2:34:29,Anonymous
log_1764869700682,4,VIEW,1,2025. 12. 5. AM 2:35:00,Anonymous
log_1764870814828,6,VIEW,1,2025. 12. 5. AM 2:53:34,Anonymous
log_1764870818506,1,VIEW,1,2025. 12. 5. AM 2:53:38,Anonymous
log_1764876630444,13,VIEW,1,2025. 12. 5. AM 4:30:30,Anonymous
log_1764876635109,19,VIEW,1,2025. 12. 5. AM 4:30:35,Anonymous
log_1764876663530,37,VIEW,1,2025. 12. 5. AM 4:31:03,Anonymous
log_1764876739048,105,VIEW,1,2025. 12. 5. AM 4:32:19,Anonymous
log_1764876809387,12,VIEW,1,2025. 12. 5. AM 4:33:29,Anonymous
log_1764900624109,118,RETURN,대여가능,2025. 12. 5. AM 11:10:24,Admin
log_1764900643281,162,RETURN,대여가능,2025. 12. 5. AM 11:10:43,Admin
log_1764903970665,51,VIEW,1,2025. 12. 5. PM 12:06:10,Anonymous
log_1764903976507,51,DIBS,,2025. 12. 5. PM 12:06:16,ee(222-2222-2222)
log_1764903988885,77,VIEW,1,2025. 12. 5. PM 12:06:28,Anonymous
log_1764903995008,77,DIBS,,2025. 12. 5. PM 12:06:35,ee(222-2222-2222)
log_1764904005073,16,VIEW,1,2025. 12. 5. PM 12:06:45,Anonymous
log_1764904012744,16,DIBS,,2025. 12. 5. PM 12:06:52,ss(333-3333-3333)
log_1764904225248,51,RENT,일괄처리,2025. 12. 5. PM 12:10:25,Admin
log_1764904225532,77,RENT,일괄처리,2025. 12. 5. PM 12:10:25,Admin
log_1764906074237,16,AUTO_CANCEL,시간만료,"12/5/2025, 오후 12:41:14",System
log_1764910566773,51,RETURN,일괄반납,2025. 12. 5. PM 1:56:06,Admin
log_1764910566999,77,RETURN,일괄반납,2025. 12. 5. PM 1:56:06,Admin
log_1764910600890,12,VIEW,1,2025. 12. 5. PM 1:56:40,Anonymous
log_1764910636812,77,VIEW,1,2025. 12. 5. PM 1:57:16,Anonymous
log_1764910642903,3,VIEW,1,2025. 12. 5. PM 1:57:22,Anonymous
log_1764910767033,3,VIEW,1,2025. 12. 5. PM 1:59:27,Anonymous
log_1764910780237,3,VIEW,1,2025. 12. 5. PM 1:59:40,Anonymous
log_1764910782578,1,VIEW,1,2025. 12. 5. PM 1:59:42,Anonymous
log_1764910785534,5,VIEW,1,2025. 12. 5. PM 1:59:45,Anonymous
log_1764910787897,7,VIEW,1,2025. 12. 5. PM 1:59:47,Anonymous
log_1764910789845,13,VIEW,1,2025. 12. 5. PM 1:59:49,Anonymous
log_1764910792767,8,VIEW,1,2025. 12. 5. PM 1:59:52,Anonymous
log_1764910796882,10,VIEW,1,2025. 12. 5. PM 1:59:56,Anonymous
log_1764910874969,25,VIEW,1,2025. 12. 5. PM 2:01:14,Anonymous
log_1764920159159,2,VIEW,1,2025. 12. 5. PM 4:35:59,Anonymous
log_1764920183661,19,VIEW,1,2025. 12. 5. PM 4:36:23,Anonymous
log_1764920247273,19,DIBS,,2025. 12. 5. PM 4:37:27,ee(222-2222-2222)
log_1764920788695,7,VIEW,1,2025. 12. 5. PM 4:46:28,Anonymous
log_1764921226721,12,VIEW,1,2025. 12. 5. PM 4:53:46,Anonymous
log_1764921228368,2,VIEW,1,2025. 12. 5. PM 4:53:48,Anonymous
log_1764921229604,15,VIEW,1,2025. 12. 5. PM 4:53:49,Anonymous
log_1764921232037,3,VIEW,1,2025. 12. 5. PM 4:53:52,Anonymous
log_1764921232993,19,VIEW,1,2025. 12. 5. PM 4:53:52,Anonymous
log_1764921238280,22,VIEW,1,2025. 12. 5. PM 4:53:58,Anonymous
log_1764921273874,36,VIEW,1,2025. 12. 5. PM 4:54:33,Anonymous
log_1764921279508,47,VIEW,1,2025. 12. 5. PM 4:54:39,Anonymous
log_1764921340098,53,VIEW,1,2025. 12. 5. PM 4:55:40,Anonymous
log_1764921393037,3,VIEW,1,2025. 12. 5. PM 4:56:33,Anonymous
log_1764921648849,3,VIEW,1,2025. 12. 5. PM 5:00:48,Anonymous
log_1764921917704,19,RENT,ee(222-2222-2222),2025. 12. 5. PM 5:05:17,Admin
log_1764922018201,2,VIEW,1,2025. 12. 5. PM 5:06:58,Anonymous
log_1764922064078,19,RETURN,대여가능,2025. 12. 5. PM 5:07:44,Admin
log_1764922329034,8,VIEW,1,2025. 12. 5. PM 5:12:09,Anonymous
log_1764922336097,4,VIEW,1,2025. 12. 5. PM 5:12:16,Anonymous
log_1764922341870,14,VIEW,1,2025. 12. 5. PM 5:12:21,Anonymous
log_1764922353986,5,VIEW,1,2025. 12. 5. PM 5:12:33,Anonymous
log_1764922368083,3,VIEW,1,2025. 12. 5. PM 5:12:48,Anonymous
log_1764922675531,3,RENT,대여중,2025. 12. 5. PM 5:17:55,Admin
log_1764922678429,1,RENT,대여중,2025. 12. 5. PM 5:17:58,Admin
log_1764922729113,1,RETURN,일괄반납,2025. 12. 5. PM 5:18:49,Admin
log_1764922729369,3,RETURN,일괄반납,2025. 12. 5. PM 5:18:49,Admin
log_1764922743690,1,RENT,ㄷㄷ,2025. 12. 5. PM 5:19:03,Admin
log_1764922747515,5,RENT,ㄷㄷ,2025. 12. 5. PM 5:19:07,Admin
log_1764922766025,1,RETURN,대여가능,2025. 12. 5. PM 5:19:26,Admin
log_1764924646627,196,VIEW,1,2025. 12. 5. PM 5:50:46,Anonymous
log_1764926242315,47,VIEW,1,2025. 12. 5. PM 6:17:22,Anonymous
log_1764933352041,3,VIEW,1,2025. 12. 5. PM 8:15:52,Anonymous
log_1764994356526,5,RETURN,대여가능,2025. 12. 6. PM 1:12:36,Admin
log_1765042597817,3,VIEW,1,2025. 12. 7. AM 2:36:37,Anonymous
log_1765042598679,3,VIEW,1,2025. 12. 7. AM 2:36:38,Anonymous
log_1765042606935,3,DIBS,,2025. 12. 7. AM 2:36:46,ㄷㄷ(222-2222-2222)
log_1765042612317,5,VIEW,1,2025. 12. 7. AM 2:36:52,Anonymous
log_1765042620916,5,DIBS,,2025. 12. 7. AM 2:37:00,ㄱㄱ(222-2222-2222)
log_1765042626175,9,VIEW,1,2025. 12. 7. AM 2:37:06,Anonymous
log_1765042631966,9,DIBS,,2025. 12. 7. AM 2:37:11,ㄷㄷ(222-2222-2222)
log_1765042659113,3,RENT,ㄷㄷ(222-2222-2222),2025. 12. 7. AM 2:37:39,Admin
log_1765042659378,9,RENT,ㄷㄷ(222-2222-2222),2025. 12. 7. AM 2:37:39,Admin
log_1765042672869,5,RETURN,대여가능,2025. 12. 7. AM 2:37:52,Admin
log_1765042685250,3,RETURN,일괄반납,2025. 12. 7. AM 2:38:05,Admin
log_1765042685503,9,RETURN,일괄반납,2025. 12. 7. AM 2:38:05,Admin
log_1765286316606,58,VIEW,1,2025. 12. 9. PM 10:18:36,Anonymous
log_1765372376194,10,VIEW,1,2025. 12. 10. PM 10:12:56,Anonymous
log_1765394730870,2,VIEW,1,2025. 12. 11. AM 4:25:30,Anonymous
log_1765394788721,6,VIEW,1,2025. 12. 11. AM 4:26:28,Anonymous
log_1765400949877,5,VIEW,1,2025. 12. 11. AM 6:09:09,Anonymous
log_1765400956889,3,VIEW,1,2025. 12. 11. AM 6:09:16,Anonymous
log_1765400983235,19,VIEW,1,2025. 12. 11. AM 6:09:43,Anonymous
log_1765400986881,2,VIEW,1,2025. 12. 11. AM 6:09:46,Anonymous
log_1765400989805,2,VIEW,1,2025. 12. 11. AM 6:09:49,Anonymous
log_1765441812381,3,VIEW,1,2025. 12. 11. PM 5:30:12,Anonymous
log_1765441818110,3,VIEW,1,2025. 12. 11. PM 5:30:18,Anonymous
log_1765455654365,3,VIEW,1,2025. 12. 11. PM 9:20:54,Anonymous
log_1765456142235,3,VIEW,1,2025. 12. 11. PM 9:29:02,Anonymous
log_1765456518718,3,VIEW,1,2025. 12. 11. PM 9:35:18,Anonymous
log_1765456648444,4,VIEW,1,2025. 12. 11. PM 9:37:28,Anonymous
log_1765456654424,9,VIEW,1,2025. 12. 11. PM 9:37:34,Anonymous
log_1765456750442,3,VIEW,1,2025. 12. 11. PM 9:39:10,Anonymous
log_1765457029692,3,VIEW,1,2025. 12. 11. PM 9:43:49,Anonymous
log_1765457031795,3,VIEW,1,2025. 12. 11. PM 9:43:51,Anonymous
log_1765457047901,1,VIEW,1,2025. 12. 11. PM 9:44:07,Anonymous
log_1765457184704,3,VIEW,1,2025. 12. 11. PM 9:46:24,Anonymous
log_1765457185968,1,VIEW,1,2025. 12. 11. PM 9:46:25,Anonymous
log_1765457190250,1,VIEW,1,2025. 12. 11. PM 9:46:30,Anonymous
log_1765457191070,3,VIEW,1,2025. 12. 11. PM 9:46:31,Anonymous
log_1765457417511,4,VIEW,1,2025. 12. 11. PM 9:50:17,Anonymous
log_1765457590561,19,VIEW,1,2025. 12. 11. PM 9:53:10,Anonymous
log_1765457627543,1765253784851,VIEW,1,2025. 12. 11. PM 9:53:47,Anonymous
log_1765458452914,196,VIEW,1,2025. 12. 11. PM 10:07:32,Anonymous
log_1765458508130,3,VIEW,1,2025. 12. 11. PM 10:08:28,Anonymous
log_1765458803077,3,DIBS,0,2025. 12. 11. PM 10:13:23,김범근(01054039204)
log_1765458810527,9,VIEW,1,2025. 12. 11. PM 10:13:30,Anonymous
log_1765458812789,9,DIBS,0,2025. 12. 11. PM 10:13:32,김범근(01054039204)
log_1765458844218,9,VIEW,1,2025. 12. 11. PM 10:14:04,Anonymous
log_1765458847140,7,VIEW,1,2025. 12. 11. PM 10:14:07,Anonymous
log_1765458864913,7,DIBS,0,2025. 12. 11. PM 10:14:24,김범근(01054039204)
log_1765459459544,7,VIEW,1,2025. 12. 11. PM 10:24:19,Anonymous
log_1765459460369,19,VIEW,1,2025. 12. 11. PM 10:24:20,Anonymous
log_1765459461480,1765253784851,VIEW,1,2025. 12. 11. PM 10:24:21,Anonymous
log_1765459509063,19,VIEW,1,2025. 12. 11. PM 10:25:09,Anonymous
log_1765459509728,1765253784851,VIEW,1,2025. 12. 11. PM 10:25:09,Anonymous
log_1765459510256,7,VIEW,1,2025. 12. 11. PM 10:25:10,Anonymous
log_1765459547929,19,VIEW,1,2025. 12. 11. PM 10:25:47,Anonymous
log_1765459548451,7,VIEW,1,2025. 12. 11. PM 10:25:48,Anonymous
log_1765459549056,1765253784851,VIEW,1,2025. 12. 11. PM 10:25:49,Anonymous
log_1765460052591,5,VIEW,1,2025. 12. 11. PM 10:34:12,Anonymous
log_1765460774334,3,AUTO_CANCEL,시간만료,"12/11/2025, 오후 10:46:14",System
log_1765460774756,7,AUTO_CANCEL,시간만료,"12/11/2025, 오후 10:46:14",System
log_1765460775014,9,AUTO_CANCEL,시간만료,"12/11/2025, 오후 10:46:15",System
log_1765460829598,4,VIEW,1,2025. 12. 11. PM 10:47:09,Anonymous
log_1765464463942,4,VIEW,1,2025. 12. 11. PM 11:47:43,Anonymous
log_1765464464847,19,VIEW,1,2025. 12. 11. PM 11:47:44,Anonymous
log_1765465644194,4,VIEW,1,2025. 12. 12. AM 12:07:24,Anonymous
log_1765465663558,19,VIEW,1,2025. 12. 12. AM 12:07:43,Anonymous
log_1765465682419,3,VIEW,1,2025. 12. 12. AM 12:08:02,Anonymous
log_1765465689748,12,VIEW,1,2025. 12. 12. AM 12:08:09,Anonymous
log_1765466223187,3,VIEW,1,2025. 12. 12. AM 12:17:03,Anonymous
log_1765466224865,3,DIBS,0,2025. 12. 12. AM 12:17:04,김범근(01054039204)
log_1765466277340,4,VIEW,1,2025. 12. 12. AM 12:17:57,Anonymous
log_1765466297339,4,DIBS,0,2025. 12. 12. AM 12:18:17,김나현(01011111111)
log_1765466313498,12,VIEW,1,2025. 12. 12. AM 12:18:33,Anonymous
log_1765466351288,12,DIBS,0,2025. 12. 12. AM 12:19:11,권뿔뿔(11111111111)
log_1765466357783,6,VIEW,1,2025. 12. 12. AM 12:19:17,Anonymous
log_1765466426942,2,VIEW,1,2025. 12. 12. AM 12:20:26,Anonymous
log_1765466429921,7,VIEW,1,2025. 12. 12. AM 12:20:29,Anonymous
log_1765466432343,7,DIBS,0,2025. 12. 12. AM 12:20:32,김나현(01022222222)
log_1765466458812,9,VIEW,1,2025. 12. 12. AM 12:20:58,Anonymous
log_1765466464688,196,VIEW,1,2025. 12. 12. AM 12:21:04,Anonymous
log_1765466546073,12,VIEW,1,2025. 12. 12. AM 12:22:26,Anonymous
log_1765466547906,10,VIEW,1,2025. 12. 12. AM 12:22:27,Anonymous
log_1765466553971,10,DIBS,0,2025. 12. 12. AM 12:22:33,김나현(01065432165)
log_1765466574513,7,RENT,대여중,2025. 12. 12. AM 12:22:54,Admin
log_1765467371049,12,RENT,대여중,2025. 12. 12. AM 12:36:11,Admin
log_1765467419741,10,RENT,대여중,2025. 12. 12. AM 12:36:59,Admin
log_1765467970687,4,VIEW,1,2025. 12. 12. AM 12:46:10,Anonymous
log_1765467972701,4,DIBS,0,2025. 12. 12. AM 12:46:12,김나현(01011111111)
log_1765467982043,2,VIEW,1,2025. 12. 12. AM 12:46:22,Anonymous
log_1765467983068,2,DIBS,0,2025. 12. 12. AM 12:46:23,김나현(01011111111)
log_1765467984729,1764680318866,VIEW,1,2025. 12. 12. AM 12:46:24,Anonymous
log_1765467986820,1764680318866,DIBS,0,2025. 12. 12. AM 12:46:26,김나현(01011111111)
log_1765468007647,2,RENT,일괄처리,2025. 12. 12. AM 12:46:47,BatchAdmin
log_1765468008009,4,RENT,일괄처리,2025. 12. 12. AM 12:46:48,BatchAdmin
log_1765468009236,1764680318866,RENT,일괄처리,2025. 12. 12. AM 12:46:49,BatchAdmin
log_1765468026163,2,RETURN,일괄처리,2025. 12. 12. AM 12:47:06,BatchAdmin
log_1765468026345,4,RETURN,일괄처리,2025. 12. 12. AM 12:47:06,BatchAdmin
log_1765468026489,1764680318866,RETURN,일괄처리,2025. 12. 12. AM 12:47:06,BatchAdmin
log_1765468037825,7,RETURN,일괄처리,2025. 12. 12. AM 12:47:17,BatchAdmin
log_1765468038029,10,RETURN,일괄처리,2025. 12. 12. AM 12:47:18,BatchAdmin
log_1765468038158,12,RETURN,일괄처리,2025. 12. 12. AM 12:47:18,BatchAdmin
log_1765468067847,3,RETURN,반납완료,2025. 12. 12. AM 12:47:47,Admin
log_1765473245938,1,VIEW,1,2025. 12. 12. AM 2:14:05,Anonymous
log_1765473247546,1,DIBS,0,2025. 12. 12. AM 2:14:07,김나현(01065432165)
log_1765473252071,2,VIEW,1,2025. 12. 12. AM 2:14:12,Anonymous
log_1765473254077,2,DIBS,0,2025. 12. 12. AM 2:14:14,김나현(01065432165)
log_1765473895594,1,VIEW,1,2025. 12. 12. AM 2:24:55,Anonymous
log_1765474711852,2,VIEW,1,2025. 12. 12. AM 2:38:31,Anonymous
log_1765474715892,3,VIEW,1,2025. 12. 12. AM 2:38:35,Anonymous
log_1765474734282,1,RENT,일괄처리,2025. 12. 12. AM 2:38:54,BatchAdmin
log_1765474734516,2,RENT,일괄처리,2025. 12. 12. AM 2:38:54,BatchAdmin
log_1765475160968,3,VIEW,1,2025. 12. 12. AM 2:46:00,Anonymous
log_1765475211009,3,VIEW,1,2025. 12. 12. AM 2:46:51,Anonymous
log_1765475260843,3,VIEW,1,2025. 12. 12. AM 2:47:40,Anonymous
log_1765475284342,3,DIBS,0,2025. 12. 12. AM 2:48:04,김나현(01065432165)
log_1765476129074,3,VIEW,1,2025. 12. 12. AM 3:02:09,Anonymous
log_1765476183819,5,RENT,ㄴㅇㄹㄴㅇㄹ,2025. 12. 12. AM 3:03:03,Admin
log_1765477275030,3,AUTO_CANCEL,시간만료,"12/12/2025, 오전 3:21:15",System
log_1765477455817,1,RETURN,일괄처리,2025. 12. 12. AM 3:24:15,일괄반납 → [김나현(01065432165)]
log_1765477456250,2,RETURN,일괄처리,2025. 12. 12. AM 3:24:16,일괄반납 → [김나현(01065432165)]
log_1765478004643,5,RETURN,반납완료 → [ㄴㅇㄹㄴㅇㄹ],2025. 12. 12. AM 3:33:24,Admin
log_1765478016570,12,VIEW,1,2025. 12. 12. AM 3:33:36,Anonymous
log_1765478018101,12,DIBS,0,2025. 12. 12. AM 3:33:38,김나현(01065432165)
log_1765478022933,10,VIEW,1,2025. 12. 12. AM 3:33:42,Anonymous
log_1765478024283,10,DIBS,0,2025. 12. 12. AM 3:33:44,김나현(01065432165)
log_1765478027108,13,VIEW,1,2025. 12. 12. AM 3:33:47,Anonymous
log_1765478029019,13,DIBS,0,2025. 12. 12. AM 3:33:49,김나현(01065432165)
log_1765478064780,10,RENT,일괄처리,2025. 12. 12. AM 3:34:24,BatchAdmin
log_1765478065028,12,RENT,일괄처리,2025. 12. 12. AM 3:34:25,BatchAdmin
log_1765478065240,13,RENT,일괄처리,2025. 12. 12. AM 3:34:25,BatchAdmin
log_1765478076334,10,RETURN,일괄처리,2025. 12. 12. AM 3:34:36,일괄반납 → [김나현(01065432165)]
log_1765478076557,12,RETURN,일괄처리,2025. 12. 12. AM 3:34:36,일괄반납 → [김나현(01065432165)]
log_1765478076732,13,RETURN,일괄처리,2025. 12. 12. AM 3:34:36,일괄반납 → [김나현(01065432165)]
log_1765478644831,1,VIEW,1,2025. 12. 12. AM 3:44:04,Anonymous
log_1765478646390,1,DIBS,0,2025. 12. 12. AM 3:44:06,김나현(01065432165)
log_1765478657332,1,RENT,김나현(01065432165),2025. 12. 12. AM 3:44:17,Admin
log_1765478909687,1,RETURN,반납완료 → [김나현(01065432165)],2025. 12. 12. AM 3:48:29,Admin
log_1765479327210,1,VIEW,1,2025. 12. 12. AM 3:55:27,Anonymous
log_1765479338553,1,VIEW,1,2025. 12. 12. AM 3:55:38,Anonymous
log_1765513742775,2,VIEW,1,2025. 12. 12. PM 1:29:02,Anonymous
log_1765513745185,3,VIEW,1,2025. 12. 12. PM 1:29:05,Anonymous
log_1765513906770,2,VIEW,1,2025. 12. 12. PM 1:31:46,Anonymous
log_1765515164666,2,VIEW,1,2025. 12. 12. PM 1:52:44,Anonymous
log_1765515260715,2,VIEW,1,2025. 12. 12. PM 1:54:20,Anonymous
dc48297d-bde0-45d0-88b5-576319cba4d3,2,RENT,5ae49224-cce4-4cb4-b296-411b88a25093,2025-12-12T04:54:23.608Z,22222222
log_1765552381667,2,VIEW,1,2025. 12. 13. AM 12:13:01,Anonymous
log_1765552383019,1,VIEW,1,2025. 12. 13. AM 12:13:03,Anonymous
log_1765552384964,1,DIBS,방문 수령 예약,2025. 12. 13. AM 12:13:04,22222222
log_1765552402358,1,RENT,admin,2025. 12. 13. AM 12:13:22,Admin
log_1765552421269,1,RETURN,반납완료 → [admin],2025. 12. 13. AM 12:13:41,Admin
log_1765552433752,1,VIEW,1,2025. 12. 13. AM 12:13:53,Anonymous
log_1765552435201,1,DIBS,방문 수령 예약,2025. 12. 13. AM 12:13:55,22222222
log_1765552437123,2,VIEW,1,2025. 12. 13. AM 12:13:57,Anonymous
log_1765552443397,2,DIBS,방문 수령 예약,2025. 12. 13. AM 12:14:03,22222222
log_1765552448395,1,RENT,일괄처리,2025. 12. 13. AM 12:14:08,BatchAdmin
log_1765552448972,2,RENT,일괄처리,2025. 12. 13. AM 12:14:08,BatchAdmin
log_1765553257741,1,RETURN,일괄처리,2025. 12. 13. AM 12:27:37,일괄반납 → [admin]
log_1765553258388,2,RETURN,일괄처리,2025. 12. 13. AM 12:27:38,일괄반납 → [admin]
log_1765553274085,1,VIEW,1,2025. 12. 13. AM 12:27:54,Anonymous
log_1765553275887,1,DIBS,방문 수령 예약,2025. 12. 13. AM 12:27:55,22222222
log_1765553278836,2,VIEW,1,2025. 12. 13. AM 12:27:58,Anonymous
log_1765553280549,2,DIBS,방문 수령 예약,2025. 12. 13. AM 12:28:00,22222222
log_1765553282584,3,VIEW,1,2025. 12. 13. AM 12:28:02,Anonymous
log_1765553284551,3,DIBS,방문 수령 예약,2025. 12. 13. AM 12:28:04,22222222
log_1765553295750,1,RENT,일괄처리,2025. 12. 13. AM 12:28:15,BatchAdmin
log_1765553296665,2,RENT,일괄처리,2025. 12. 13. AM 12:28:16,BatchAdmin
log_1765553297465,3,RENT,일괄처리,2025. 12. 13. AM 12:28:17,BatchAdmin
log_1765554250021,1,RETURN,일괄처리,2025. 12. 13. AM 12:44:10,일괄반납 → [admin]
log_1765554251106,2,RETURN,일괄처리,2025. 12. 13. AM 12:44:11,일괄반납 → [admin]
log_1765554252691,3,RETURN,일괄처리,2025. 12. 13. AM 12:44:12,일괄반납 → [admin]
log_1765556641064,55,VIEW,대여가능,2025. 12. 13. AM 1:24:01,Anonymous
log_1765557725092,2,VIEW,대여가능,2025. 12. 13. AM 1:42:05,Anonymous
log_1765557793423,2,VIEW,대여가능,2025. 12. 13. AM 1:43:13,Anonymous
log_1765558941892,2,VIEW,대여가능,2025. 12. 13. AM 2:02:21,Anonymous
log_1765559279286,4,VIEW,대여가능,2025. 12. 13. AM 2:07:59,Anonymous
log_1765559321421,4,VIEW,대여가능,2025. 12. 13. AM 2:08:41,Anonymous
log_1765561831794,3,VIEW,대여가능,2025. 12. 13. AM 2:50:31,Anonymous
log_1765561886345,1,VIEW,대여가능,2025. 12. 13. AM 2:51:26,Anonymous
log_1765561974957,11,VIEW,대여가능,2025. 12. 13. AM 2:52:54,Anonymous
log_1765562002185,2,VIEW,대여가능,2025. 12. 13. AM 2:53:22,Anonymous
log_1765562005062,1,VIEW,대여가능,2025. 12. 13. AM 2:53:25,Anonymous
log_1765562009659,3,VIEW,대여가능,2025. 12. 13. AM 2:53:29,Anonymous
log_1765562118266,19,VIEW,대여가능,2025. 12. 13. AM 2:55:18,Anonymous
log_1765562130164,3,VIEW,대여가능,2025. 12. 13. AM 2:55:30,Anonymous
log_1765562133101,3,VIEW,대여가능,2025. 12. 13. AM 2:55:33,Anonymous
log_1765562138617,3,VIEW,대여가능,2025. 12. 13. AM 2:55:38,Anonymous
log_1765562323432,3,VIEW,대여가능,2025. 12. 13. AM 2:58:43,Anonymous
log_1765562392012,3,VIEW,대여가능,2025. 12. 13. AM 2:59:52,Anonymous
log_1765562441226,2,VIEW,대여가능,2025. 12. 13. AM 3:00:41,Anonymous
log_1765562454814,10,VIEW,대여가능,2025. 12. 13. AM 3:00:54,Anonymous
log_1765562465520,3,VIEW,대여가능,2025. 12. 13. AM 3:01:05,Anonymous
log_1765562513320,3,VIEW,대여가능,2025. 12. 13. AM 3:01:53,Anonymous
log_1765562535460,3,VIEW,대여가능,2025. 12. 13. AM 3:02:15,Anonymous
log_1765562553847,31,VIEW,대여가능,2025. 12. 13. AM 3:02:33,Anonymous
log_1765562566029,32,VIEW,대여가능,2025. 12. 13. AM 3:02:46,Anonymous
log_1765562578656,32,DIBS,방문 수령 예약,2025. 12. 13. AM 3:02:58,22400604
log_1765562592270,32,VIEW,찜,2025. 12. 13. AM 3:03:12,Anonymous
log_1765562594080,32,DIBS,방문 수령 예약,2025. 12. 13. AM 3:03:14,22400604
log_1765562598209,32,MISS,입고요청,2025. 12. 13. AM 3:03:18,anonymous
log_1765562600367,32,VIEW,찜,2025. 12. 13. AM 3:03:20,Anonymous
log_1765562602781,32,DIBS,방문 수령 예약,2025. 12. 13. AM 3:03:22,22400604
log_1765562618025,32,VIEW,찜,2025. 12. 13. AM 3:03:38,Anonymous
log_1765562620035,32,DIBS,방문 수령 예약,2025. 12. 13. AM 3:03:40,22400604
log_1765562639323,3,VIEW,대여가능,2025. 12. 13. AM 3:03:59,Anonymous
log_1765562645312,3,DIBS,방문 수령 예약,2025. 12. 13. AM 3:04:05,22300608
log_1765562731718,4,VIEW,대여가능,2025. 12. 13. AM 3:05:31,Anonymous
log_1765562733957,4,DIBS,방문 수령 예약,2025. 12. 13. AM 3:05:33,22400604
log_1765562813855,4,VIEW,찜,2025. 12. 13. AM 3:06:53,Anonymous
log_1765562816955,4,MISS,입고요청,2025. 12. 13. AM 3:06:56,anonymous
log_1765562821294,4,VIEW,찜,2025. 12. 13. AM 3:07:01,Anonymous
log_1765562828338,4,MISS,입고요청,2025. 12. 13. AM 3:07:08,anonymous
log_1765563665870,3,RENT,요 리슨,2025. 12. 13. AM 3:21:05,Admin
log_1765563675953,32,RETURN,반납완료 → [이지훈],2025. 12. 13. AM 3:21:15,Admin
log_1765564574717,4,AUTO_CANCEL,시간만료,"12/13/2025, 3:36:14 AM",System
log_1765564884751,3,VIEW,대여중,2025. 12. 13. AM 3:41:24,Anonymous
log_1765565468997,8,VIEW,대여가능,2025. 12. 13. AM 3:51:08,Anonymous
log_1765565983181,3,RETURN,반납완료 → [요 리슨],2025. 12. 13. AM 3:59:43,Admin
log_1765565993619,1,VIEW,대여가능,2025. 12. 13. AM 3:59:53,Anonymous
log_1765566110719,1,VIEW,대여가능,2025. 12. 13. AM 4:01:50,Anonymous
log_1765566124862,1,VIEW,대여가능,2025. 12. 13. AM 4:02:04,Anonymous
log_1765566289573,1,VIEW,대여가능,2025. 12. 13. AM 4:04:49,Anonymous
log_1765566347832,1,VIEW,대여가능,2025. 12. 13. AM 4:05:47,Anonymous
log_1765566401258,1,VIEW,대여가능,2025. 12. 13. AM 4:06:41,Anonymous
log_1765566552697,6,VIEW,대여가능,2025. 12. 13. AM 4:09:12,Anonymous
log_1765566559996,1,VIEW,대여가능,2025. 12. 13. AM 4:09:19,Anonymous
log_1765566564994,1,VIEW,대여가능,2025. 12. 13. AM 4:09:24,Anonymous
log_1765567236943,3,VIEW,대여가능,2025. 12. 13. AM 4:20:36,Anonymous
log_1765567245093,8,VIEW,대여가능,2025. 12. 13. AM 4:20:45,Anonymous
log_1765567672310,1,VIEW,대여가능,2025. 12. 13. AM 4:27:52,Anonymous
log_1765568113627,1,VIEW,대여가능,2025. 12. 13. AM 4:35:13,Anonymous
log_1765568588383,1,DIBS,방문 수령 예약,2025. 12. 13. AM 4:43:08,22200084
log_1765568613533,2,VIEW,대여가능,2025. 12. 13. AM 4:43:33,Anonymous
log_1765568629064,2,DIBS,방문 수령 예약,2025. 12. 13. AM 4:43:49,22200084
log_1765568842031,3,VIEW,대여가능,2025. 12. 13. AM 4:47:22,Anonymous
log_1765568859426,3,DIBS,방문 수령 예약,2025. 12. 13. AM 4:47:39,22200084
log_1765568884716,4,VIEW,대여가능,2025. 12. 13. AM 4:48:04,Anonymous
log_1765568900138,4,DIBS,방문 수령 예약,2025. 12. 13. AM 4:48:20,22200084
log_1765568971139,1,VIEW,찜,2025. 12. 13. AM 4:49:31,Anonymous
log_1765568995732,1,VIEW,찜,2025. 12. 13. AM 4:49:55,Anonymous
log_1765569141741,3,VIEW,찜,2025. 12. 13. AM 4:52:21,Anonymous
log_1765569159373,1,RENT,일괄처리,2025. 12. 13. AM 4:52:39,BatchAdmin
log_1765569160099,2,RENT,일괄처리,2025. 12. 13. AM 4:52:40,BatchAdmin
log_1765569161203,3,RENT,일괄처리,2025. 12. 13. AM 4:52:41,BatchAdmin
log_1765569161892,4,RENT,일괄처리,2025. 12. 13. AM 4:52:41,BatchAdmin
log_1765569172425,1,RETURN,일괄처리,2025. 12. 13. AM 4:52:52,일괄반납 → [김범근]
log_1765569173321,2,RETURN,일괄처리,2025. 12. 13. AM 4:52:53,일괄반납 → [김범근]
log_1765569174796,3,RETURN,일괄처리,2025. 12. 13. AM 4:52:54,일괄반납 → [김범근]
log_1765569175577,4,RETURN,일괄처리,2025. 12. 13. AM 4:52:55,일괄반납 → [김범근]
log_1765569184970,1,VIEW,대여가능,2025. 12. 13. AM 4:53:04,Anonymous
log_1765569192348,1,VIEW,대여가능,2025. 12. 13. AM 4:53:12,Anonymous
log_1765569238264,1,VIEW,대여가능,2025. 12. 13. AM 4:53:58,Anonymous
log_1765569260037,1,VIEW,대여가능,2025. 12. 13. AM 4:54:20,Anonymous
log_1765569274640,1,DIBS,방문 수령 예약,2025. 12. 13. AM 4:54:34,22200084
log_1765569275826,1,DIBS,방문 수령 예약,2025. 12. 13. AM 4:54:35,22200084
log_1765569282884,3,VIEW,대여가능,2025. 12. 13. AM 4:54:42,Anonymous
log_1765569285267,3,DIBS,방문 수령 예약,2025. 12. 13. AM 4:54:45,22200084
log_1765569291789,6,VIEW,대여가능,2025. 12. 13. AM 4:54:51,Anonymous
log_1765569307813,2,VIEW,대여가능,2025. 12. 13. AM 4:55:07,Anonymous
log_1765569321287,2,VIEW,대여가능,2025. 12. 13. AM 4:55:21,Anonymous
log_1765569433515,1,RENT,일괄처리,2025. 12. 13. AM 4:57:13,BatchAdmin
log_1765569434271,3,RENT,일괄처리,2025. 12. 13. AM 4:57:14,BatchAdmin
log_1765569444655,1,RETURN,일괄처리,2025. 12. 13. AM 4:57:24,일괄반납 → [김범근]
log_1765569445996,3,RETURN,일괄처리,2025. 12. 13. AM 4:57:25,일괄반납 → [김범근]
log_1765570414072,193,VIEW,대여가능,2025. 12. 13. AM 5:13:34,Anonymous
log_1765617306693,5,VIEW,대여가능,2025. 12. 13. PM 6:15:06,Anonymous
log_1765618452393,1,VIEW,대여가능,2025. 12. 13. PM 6:34:12,Anonymous
log_1765618780672,1,VIEW,대여가능,2025. 12. 13. PM 6:39:40,Anonymous
log_1765618787247,1,VIEW,대여가능,2025. 12. 13. PM 6:39:47,Anonymous
log_1765619431770,2,VIEW,대여가능,2025. 12. 13. PM 6:50:31,Anonymous
log_1765619523608,2,VIEW,대여가능,2025. 12. 13. PM 6:52:03,Anonymous
log_1765619579631,2,VIEW,대여가능,2025. 12. 13. PM 6:52:59,Anonymous
log_1765619671728,2,VIEW,대여가능,2025. 12. 13. PM 6:54:31,Anonymous
log_1765619708476,2,DIBS,방문 수령 예약,2025. 12. 13. PM 6:55:08,22400000
log_1765619722422,2,VIEW,찜,2025. 12. 13. PM 6:55:22,Anonymous
log_1765619724674,1,VIEW,대여가능,2025. 12. 13. PM 6:55:24,Anonymous
log_1765619970048,4,VIEW,대여가능,2025. 12. 13. PM 6:59:30,Anonymous
log_1765619972082,4,DIBS,방문 수령 예약,2025. 12. 13. PM 6:59:32,22400000
log_1765619977506,3,VIEW,대여가능,2025. 12. 13. PM 6:59:37,Anonymous
log_1765619979323,3,DIBS,방문 수령 예약,2025. 12. 13. PM 6:59:39,22400000
log_1765619985217,9,VIEW,대여가능,2025. 12. 13. PM 6:59:45,Anonymous
log_1765619986398,9,DIBS,방문 수령 예약,2025. 12. 13. PM 6:59:46,22400000
log_1765619996813,1,VIEW,대여가능,2025. 12. 13. PM 6:59:56,Anonymous
log_1765620002174,1,VIEW,대여가능,2025. 12. 13. PM 7:00:02,Anonymous
log_1765620035454,1,DIBS,방문 수령 예약,2025. 12. 13. PM 7:00:35,22200084
log_1765620253741,1,VIEW,찜,2025. 12. 13. PM 7:04:13,Anonymous
log_1765620263145,5,VIEW,대여가능,2025. 12. 13. PM 7:04:23,Anonymous
log_1765620264704,5,DIBS,방문 수령 예약,2025. 12. 13. PM 7:04:24,22200084
log_1765620287202,2,VIEW,찜,2025. 12. 13. PM 7:04:47,Anonymous
log_1765620290090,10,VIEW,대여가능,2025. 12. 13. PM 7:04:50,Anonymous
log_1765620359829,10,VIEW,대여가능,2025. 12. 13. PM 7:05:59,Anonymous
log_1765620424475,10,VIEW,대여가능,2025. 12. 13. PM 7:07:04,Anonymous
log_1765620539728,10,DIBS,방문 수령 예약,2025. 12. 13. PM 7:08:59,22200084
log_1765620564527,2,RENT,일괄처리,2025. 12. 13. PM 7:09:24,BatchAdmin
log_1765620565152,3,RENT,일괄처리,2025. 12. 13. PM 7:09:25,BatchAdmin
log_1765620565708,4,RENT,일괄처리,2025. 12. 13. PM 7:09:25,BatchAdmin
log_1765620566322,9,RENT,일괄처리,2025. 12. 13. PM 7:09:26,BatchAdmin
log_1765620567621,1,RENT,일괄처리,2025. 12. 13. PM 7:09:27,BatchAdmin
log_1765620568415,5,RENT,일괄처리,2025. 12. 13. PM 7:09:28,BatchAdmin
log_1765620569150,10,RENT,일괄처리,2025. 12. 13. PM 7:09:29,BatchAdmin
log_1765620578058,2,RETURN,일괄처리,2025. 12. 13. PM 7:09:38,일괄반납 → [권뿔뿔]
log_1765620578738,3,RETURN,일괄처리,2025. 12. 13. PM 7:09:38,일괄반납 → [권뿔뿔]
log_1765620579395,4,RETURN,일괄처리,2025. 12. 13. PM 7:09:39,일괄반납 → [권뿔뿔]
log_1765620580054,9,RETURN,일괄처리,2025. 12. 13. PM 7:09:40,일괄반납 → [권뿔뿔]
log_1765620581308,1,RETURN,일괄처리,2025. 12. 13. PM 7:09:41,일괄반납 → [김범근]
log_1765620582032,5,RETURN,일괄처리,2025. 12. 13. PM 7:09:42,일괄반납 → [김범근]
log_1765620582627,10,RETURN,일괄처리,2025. 12. 13. PM 7:09:42,일괄반납 → [김범근]
log_1765620622939,2,VIEW,대여가능,2025. 12. 13. PM 7:10:22,Anonymous
log_1765621022370,2,DIBS,방문 수령 예약,2025. 12. 13. PM 7:17:02,22200084
log_1765621086848,1,VIEW,대여가능,2025. 12. 13. PM 7:18:06,Anonymous
log_1765621107599,1,DIBS,방문 수령 예약,2025. 12. 13. PM 7:18:27,12322222
log_1765621110208,1,DIBS,방문 수령 예약,2025. 12. 13. PM 7:18:30,12322222
log_1765621118756,3,VIEW,대여가능,2025. 12. 13. PM 7:18:38,Anonymous
log_1765621300822,3,VIEW,대여가능,2025. 12. 13. PM 7:21:40,Anonymous
log_1765621419492,3,VIEW,대여가능,2025. 12. 13. PM 7:23:39,Anonymous
log_1765621612259,3,DIBS,방문 수령 예약,2025. 12. 13. PM 7:26:52,22200084
log_1765621620412,3,VIEW,찜,2025. 12. 13. PM 7:27:00,Anonymous
log_1765621724891,3,DIBS,방문 수령 예약,2025. 12. 13. PM 7:28:44,22200084
log_1765621734014,8,VIEW,대여가능,2025. 12. 13. PM 7:28:54,Anonymous
log_1765621740304,8,DIBS,방문 수령 예약,2025. 12. 13. PM 7:29:00,22200084
log_1765621741613,8,DIBS,방문 수령 예약,2025. 12. 13. PM 7:29:01,22200084
log_1765621748370,4,VIEW,대여가능,2025. 12. 13. PM 7:29:08,Anonymous
log_1765621749971,4,DIBS,방문 수령 예약,2025. 12. 13. PM 7:29:09,22200084
log_1765621759399,5,VIEW,대여가능,2025. 12. 13. PM 7:29:19,Anonymous
log_1765621764709,5,VIEW,대여가능,2025. 12. 13. PM 7:29:24,Anonymous
log_1765621768645,5,DIBS,방문 수령 예약,2025. 12. 13. PM 7:29:28,22200084
log_1765621952070,7,VIEW,대여가능,2025. 12. 13. PM 7:32:32,Anonymous
log_1765621957702,7,VIEW,대여가능,2025. 12. 13. PM 7:32:37,Anonymous
log_1765621962434,7,DIBS,방문 수령 예약,2025. 12. 13. PM 7:32:42,22200084
log_1765622166320,6,VIEW,대여가능,2025. 12. 13. PM 7:36:06,Anonymous
log_1765622170657,6,DIBS,방문 수령 예약,2025. 12. 13. PM 7:36:10,22200084
log_1765622182981,9,VIEW,대여가능,2025. 12. 13. PM 7:36:22,Anonymous
log_1765622197663,9,DIBS,방문 수령 예약,2025. 12. 13. PM 7:36:37,11111111
log_1765622428502,2,RENT,김범근,2025. 12. 13. PM 7:40:28,Admin
log_1765622431234,1,RENT,일괄처리,2025. 12. 13. PM 7:40:31,BatchAdmin
log_1765622431940,9,RENT,일괄처리,2025. 12. 13. PM 7:40:31,BatchAdmin
log_1765622438762,3,RENT,일괄처리,2025. 12. 13. PM 7:40:38,BatchAdmin
log_1765622439419,4,RENT,일괄처리,2025. 12. 13. PM 7:40:39,BatchAdmin
log_1765622440013,5,RENT,일괄처리,2025. 12. 13. PM 7:40:40,BatchAdmin
log_1765622440598,6,RENT,일괄처리,2025. 12. 13. PM 7:40:40,BatchAdmin
log_1765622441172,7,RENT,일괄처리,2025. 12. 13. PM 7:40:41,BatchAdmin
log_1765622442324,8,RENT,일괄처리,2025. 12. 13. PM 7:40:42,BatchAdmin
log_1765622449782,2,RETURN,일괄처리,2025. 12. 13. PM 7:40:49,일괄반납 → [김범근]
log_1765622450852,3,RETURN,일괄처리,2025. 12. 13. PM 7:40:50,일괄반납 → [김범근]
log_1765622452146,4,RETURN,일괄처리,2025. 12. 13. PM 7:40:52,일괄반납 → [김범근]
log_1765622452881,5,RETURN,일괄처리,2025. 12. 13. PM 7:40:52,일괄반납 → [김범근]
log_1765622453971,6,RETURN,일괄처리,2025. 12. 13. PM 7:40:53,일괄반납 → [김범근]
log_1765622454416,7,RETURN,일괄처리,2025. 12. 13. PM 7:40:54,일괄반납 → [김범근]
log_1765622454875,8,RETURN,일괄처리,2025. 12. 13. PM 7:40:54,일괄반납 → [김범근]
log_1765622472189,1,VIEW,대여중,2025. 12. 13. PM 7:41:12,Anonymous
log_1765622477542,3,VIEW,대여가능,2025. 12. 13. PM 7:41:17,Anonymous
log_1765623160746,3,VIEW,대여가능,2025. 12. 13. PM 7:52:40,Anonymous
log_1765623200887,3,VIEW,대여가능,2025. 12. 13. PM 7:53:20,Anonymous
log_1765624234537,2,VIEW,대여가능,2025. 12. 13. PM 8:10:34,Anonymous
log_1765624271994,1,VIEW,대여중,2025. 12. 13. PM 8:11:11,Anonymous
log_1765624274546,2,VIEW,대여가능,2025. 12. 13. PM 8:11:14,Anonymous
log_1765624303393,2,VIEW,대여가능,2025. 12. 13. PM 8:11:43,Anonymous
log_1765624314159,2,VIEW,대여가능,2025. 12. 13. PM 8:11:54,Anonymous
log_1765628788109,2,VIEW,대여가능,2025. 12. 13. PM 9:26:28,Anonymous
log_1765628788913,2,VIEW,대여가능,2025. 12. 13. PM 9:26:28,Anonymous
log_1765628801676,2,DIBS,방문 수령 예약,2025. 12. 13. PM 9:26:41,22200084
log_1765628824451,1,VIEW,대여중,2025. 12. 13. PM 9:27:04,Anonymous
log_1765628830398,3,VIEW,대여가능,2025. 12. 13. PM 9:27:10,Anonymous
log_1765628969719,3,VIEW,대여가능,2025. 12. 13. PM 9:29:29,Anonymous
log_1765628987572,3,DIBS,방문 수령 예약,2025. 12. 13. PM 9:29:47,22200084
log_1765629001300,3,VIEW,찜,2025. 12. 13. PM 9:30:01,Anonymous
log_1765629003924,3,DIBS,방문 수령 예약,2025. 12. 13. PM 9:30:03,22200084
log_1765629012016,5,VIEW,대여가능,2025. 12. 13. PM 9:30:12,Anonymous
log_1765629013567,5,DIBS,방문 수령 예약,2025. 12. 13. PM 9:30:13,22200084
log_1765629060927,4,VIEW,대여가능,2025. 12. 13. PM 9:31:00,Anonymous
log_1765629095218,4,DIBS,방문 수령 예약,2025. 12. 13. PM 9:31:35,22400321
log_1765629107008,4,DIBS,방문 수령 예약,2025. 12. 13. PM 9:31:47,22400321
log_1765629108017,4,VIEW,찜,2025. 12. 13. PM 9:31:48,Anonymous
log_1765629143102,1,RETURN,일괄처리,2025. 12. 13. PM 9:32:23,일괄반납 → [권뿔뿔]
log_1765629143929,9,RETURN,일괄처리,2025. 12. 13. PM 9:32:23,일괄반납 → [권뿔뿔]
log_1765629163499,4,RENT,권뿔뿔,2025. 12. 13. PM 9:32:43,Admin
log_1765629217867,1,VIEW,대여가능,2025. 12. 13. PM 9:33:37,Anonymous
log_1765629238319,4,RETURN,반납완료 → [권뿔뿔],2025. 12. 13. PM 9:33:58,Admin
log_1765629263990,2,RETURN,반납완료 → [김범근],2025. 12. 13. PM 9:34:23,Admin
log_1765629275269,3,RETURN,반납완료 → [김범근],2025. 12. 13. PM 9:34:35,Admin
log_1765629287250,5,RETURN,반납완료 → [김범근],2025. 12. 13. PM 9:34:47,Admin
log_1765629307679,1,VIEW,대여가능,2025. 12. 13. PM 9:35:07,Anonymous
log_1765629309379,1,DIBS,방문 수령 예약,2025. 12. 13. PM 9:35:09,22400321
log_1765629506195,2,VIEW,대여가능,2025. 12. 13. PM 9:38:26,Anonymous
log_1765629517582,2,VIEW,대여가능,2025. 12. 13. PM 9:38:37,Anonymous
log_1765629520396,2,DIBS,방문 수령 예약,2025. 12. 13. PM 9:38:40,22400321
log_1765629551552,1,RENT,일괄처리,2025. 12. 13. PM 9:39:11,BatchAdmin
log_1765629552119,2,RENT,일괄처리,2025. 12. 13. PM 9:39:12,BatchAdmin
log_1765629560959,1,RETURN,일괄처리,2025. 12. 13. PM 9:39:20,일괄반납 → [권뿔뿔]
log_1765629561729,2,RETURN,일괄처리,2025. 12. 13. PM 9:39:21,일괄반납 → [권뿔뿔]
log_1765629781080,1,VIEW,대여가능,2025. 12. 13. PM 9:43:01,Anonymous
log_1765629784207,1,VIEW,대여가능,2025. 12. 13. PM 9:43:04,Anonymous
log_1765629785480,1,DIBS,방문 수령 예약,2025. 12. 13. PM 9:43:05,22400321
log_1765629790310,2,VIEW,대여가능,2025. 12. 13. PM 9:43:10,Anonymous
log_1765629791596,2,DIBS,방문 수령 예약,2025. 12. 13. PM 9:43:11,22400321
log_1765629840808,1,RENT,일괄처리,2025. 12. 13. PM 9:44:00,BatchAdmin
log_1765629841567,2,RENT,일괄처리,2025. 12. 13. PM 9:44:01,BatchAdmin
log_1765630185120,1,RETURN,일괄처리,2025. 12. 13. PM 9:49:45,일괄반납 → [권뿔뿔]
log_1765630186734,2,RETURN,일괄처리,2025. 12. 13. PM 9:49:46,일괄반납 → [권뿔뿔]
log_1765630196317,1,VIEW,대여가능,2025. 12. 13. PM 9:49:56,Anonymous
log_1765630198224,1,VIEW,대여가능,2025. 12. 13. PM 9:49:58,Anonymous
log_1765630199645,1,DIBS,방문 수령 예약,2025. 12. 13. PM 9:49:59,22400321
log_1765630203580,2,VIEW,대여가능,2025. 12. 13. PM 9:50:03,Anonymous
log_1765630205096,2,DIBS,방문 수령 예약,2025. 12. 13. PM 9:50:05,22400321
log_1765630218737,1,RENT,일괄처리,2025. 12. 13. PM 9:50:18,BatchAdmin
log_1765630219792,2,RENT,일괄처리,2025. 12. 13. PM 9:50:19,BatchAdmin
log_1765630937332,1,RETURN,일괄처리,2025. 12. 13. PM 10:02:17,일괄반납 → [권뿔뿔]
log_1765630939542,2,RETURN,일괄처리,2025. 12. 13. PM 10:02:19,일괄반납 → [권뿔뿔]
log_1765630996770,1,VIEW,대여가능,2025. 12. 13. PM 10:03:16,Anonymous
log_1765630997925,1,DIBS,방문 수령 예약,2025. 12. 13. PM 10:03:17,22400321
log_1765631003499,2,VIEW,대여가능,2025. 12. 13. PM 10:03:23,Anonymous
log_1765631004888,2,DIBS,방문 수령 예약,2025. 12. 13. PM 10:03:24,22400321
log_1765631039194,1,RENT,일괄처리,2025. 12. 13. PM 10:03:59,BatchAdmin
log_1765631041585,2,RENT,일괄처리,2025. 12. 13. PM 10:04:01,BatchAdmin
log_1765631167509,1,RETURN,반납완료 → [권뿔뿔],2025. 12. 13. PM 10:06:07,Admin
log_1765631169497,2,RETURN,일괄처리,2025. 12. 13. PM 10:06:09,일괄반납 → [권뿔뿔]
log_1765631370668,1,VIEW,대여가능,2025. 12. 13. PM 10:09:30,Anonymous
log_1765631394539,3,VIEW,대여가능,2025. 12. 13. PM 10:09:54,Anonymous
log_1765631405721,3,DIBS,방문 수령 예약,2025. 12. 13. PM 10:10:05,12341234
log_1765631438666,3,VIEW,찜,2025. 12. 13. PM 10:10:38,Anonymous
log_1765631440235,2,VIEW,대여가능,2025. 12. 13. PM 10:10:40,Anonymous
log_1765631455639,2,DIBS,방문 수령 예약,2025. 12. 13. PM 10:10:55,12341234
log_1765631496842,2,RENT,일괄처리,2025. 12. 13. PM 10:11:36,BatchAdmin
log_1765631497838,3,RENT,일괄처리,2025. 12. 13. PM 10:11:37,BatchAdmin
log_1765631541006,2,RETURN,일괄처리,2025. 12. 13. PM 10:12:21,일괄반납 → [test]
log_1765631541708,3,RETURN,일괄처리,2025. 12. 13. PM 10:12:21,일괄반납 → [test]
log_1765631649716,1765254302033,VIEW,대여가능,2025. 12. 13. PM 10:14:09,Anonymous
log_1765633583934,1,VIEW,대여가능,2025. 12. 13. PM 10:46:23,Anonymous
log_1765634079730,1,VIEW,대여가능,2025. 12. 13. PM 10:54:39,Anonymous
log_1765634489146,3,VIEW,대여가능,2025. 12. 13. PM 11:01:29,Anonymous
log_1765634492809,1,VIEW,대여가능,2025. 12. 13. PM 11:01:32,Anonymous
log_1765634767503,2,VIEW,대여가능,2025. 12. 13. PM 11:06:07,Anonymous
log_1765634769167,2,DIBS,방문 수령 예약,2025. 12. 13. PM 11:06:09,22222222
log_1765634773151,3,VIEW,대여가능,2025. 12. 13. PM 11:06:13,Anonymous
log_1765634774345,3,DIBS,방문 수령 예약,2025. 12. 13. PM 11:06:14,22222222
log_1765634819011,2,RENT,일괄처리,2025. 12. 13. PM 11:06:59,BatchAdmin
log_1765634819986,3,RENT,일괄처리,2025. 12. 13. PM 11:06:59,BatchAdmin
log_1765635133935,2,RETURN,일괄처리,2025. 12. 13. PM 11:12:13,일괄반납 → [admin]
log_1765635135072,3,RETURN,일괄처리,2025. 12. 13. PM 11:12:15,일괄반납 → [admin]
log_1765635834842,34,VIEW,대여가능,2025. 12. 13. PM 11:23:54,Anonymous
log_1765635873601,1,VIEW,대여가능,2025. 12. 13. PM 11:24:33,Anonymous
log_1765635956449,50,VIEW,대여가능,2025. 12. 13. PM 11:25:56,Anonymous
log_1765635974039,45,VIEW,대여가능,2025. 12. 13. PM 11:26:14,Anonymous
log_1765635977127,45,DIBS,방문 수령 예약,2025. 12. 13. PM 11:26:17,22200084
log_1765636026525,13,VIEW,대여가능,2025. 12. 13. PM 11:27:06,Anonymous
log_1765636038566,118,VIEW,대여가능,2025. 12. 13. PM 11:27:18,Anonymous
log_1765636039343,118,DIBS,방문 수령 예약,2025. 12. 13. PM 11:27:19,22400321
log_1765636059697,118,RENT,권뿔뿔,2025. 12. 13. PM 11:27:39,22400321
log_1765636807508,2,VIEW,대여가능,2025. 12. 13. PM 11:40:07,Anonymous
log_1765638076026,45,AUTO_CANCEL,시간만료,"12/14/2025, 12:01:16 AM",System
log_1765639798427,2,VIEW,대여가능,2025. 12. 14. AM 12:29:58,Anonymous
log_1765639815705,2,VIEW,대여가능,2025. 12. 14. AM 12:30:15,Anonymous
log_1765639876118,1,VIEW,대여가능,2025. 12. 14. AM 12:31:16,Anonymous
log_1765639886040,1,VIEW,대여가능,2025. 12. 14. AM 12:31:26,Anonymous
log_1765639887349,2,VIEW,대여가능,2025. 12. 14. AM 12:31:27,Anonymous
log_1765639889304,3,VIEW,대여가능,2025. 12. 14. AM 12:31:29,Anonymous
log_1765639892313,4,VIEW,대여가능,2025. 12. 14. AM 12:31:32,Anonymous
log_1765639965325,3,VIEW,대여가능,2025. 12. 14. AM 12:32:45,Anonymous
log_1765639973165,3,DIBS,방문 수령 예약,2025. 12. 14. AM 12:32:53,22200084
log_1765640008352,3,RENT,김범근,2025. 12. 14. AM 12:33:28,22200084
log_1765640018523,3,RETURN,반납완료 → [김범근],2025. 12. 14. AM 12:33:38,Admin
log_1765640178197,1,VIEW,대여가능,2025. 12. 14. AM 12:36:18,Anonymous
log_1765640180051,1,DIBS,방문 수령 예약,2025. 12. 14. AM 12:36:20,22222222
log_1765640316925,1,VIEW,찜,2025. 12. 14. AM 12:38:36,Anonymous
log_1765640331419,4,VIEW,대여가능,2025. 12. 14. AM 12:38:51,Anonymous
log_1765640341956,2,VIEW,대여가능,2025. 12. 14. AM 12:39:01,Anonymous
log_1765640343744,2,DIBS,방문 수령 예약,2025. 12. 14. AM 12:39:03,22222222
log_1765640362992,1,RENT,일괄처리,2025. 12. 14. AM 12:39:22,BatchAdmin
log_1765640366214,2,RENT,일괄처리,2025. 12. 14. AM 12:39:26,BatchAdmin
log_1765650741828,31,VIEW,대여가능,2025. 12. 14. AM 3:32:21,Anonymous
log_1765650753483,4,VIEW,대여가능,2025. 12. 14. AM 3:32:33,Anonymous
log_1765650757748,15,VIEW,대여가능,2025. 12. 14. AM 3:32:37,Anonymous
log_1765650762920,80,VIEW,대여가능,2025. 12. 14. AM 3:32:42,Anonymous
log_1765650767896,140,VIEW,대여가능,2025. 12. 14. AM 3:32:47,Anonymous
log_1765650805686,3,VIEW,대여가능,2025. 12. 14. AM 3:33:25,Anonymous
log_1765650899852,1765253655572,VIEW,대여가능,2025. 12. 14. AM 3:34:59,Anonymous
log_1765650907683,1,VIEW,대여중,2025. 12. 14. AM 3:35:07,Anonymous
log_1765650920534,2,VIEW,대여중,2025. 12. 14. AM 3:35:20,Anonymous
log_1765650923423,3,VIEW,대여가능,2025. 12. 14. AM 3:35:23,Anonymous
log_1765721480003,3,VIEW,대여가능,2025. 12. 14. PM 11:11:20,Anonymous
log_1765738891201,3,VIEW,대여가능,2025. 12. 15. AM 4:01:31,Anonymous
log_1765738911693,3,VIEW,대여가능,2025. 12. 15. AM 4:01:51,Anonymous
log_1765738930625,3,DIBS,방문 수령 예약,2025. 12. 15. AM 4:02:10,22500000
log_1765738936873,3,VIEW,찜,2025. 12. 15. AM 4:02:16,Anonymous
log_1765738939924,5,VIEW,대여가능,2025. 12. 15. AM 4:02:19,Anonymous
log_1765738941943,5,DIBS,방문 수령 예약,2025. 12. 15. AM 4:02:21,22500000
log_1765738962992,3,RENT,일괄처리,2025. 12. 15. AM 4:02:42,BatchAdmin
log_1765738964491,5,RENT,일괄처리,2025. 12. 15. AM 4:02:44,BatchAdmin
log_1765741320341,3,VIEW,대여중,2025. 12. 15. AM 4:42:00,Anonymous
log_1765741352969,1,VIEW,대여중,2025. 12. 15. AM 4:42:32,Anonymous
log_1765741358585,2,VIEW,대여중,2025. 12. 15. AM 4:42:38,Anonymous
log_1765741362568,3,VIEW,대여중,2025. 12. 15. AM 4:42:42,Anonymous
log_1765741366714,1,VIEW,대여중,2025. 12. 15. AM 4:42:46,Anonymous
log_1765741370312,2,VIEW,대여중,2025. 12. 15. AM 4:42:50,Anonymous
log_1765741375920,8,VIEW,대여가능,2025. 12. 15. AM 4:42:55,Anonymous
log_1765741378874,7,VIEW,대여가능,2025. 12. 15. AM 4:42:58,Anonymous
log_1765741597733,1,VIEW,대여중,2025. 12. 15. AM 4:46:37,Anonymous
log_1765741600527,2,VIEW,대여중,2025. 12. 15. AM 4:46:40,Anonymous
log_1765741603614,4,VIEW,대여가능,2025. 12. 15. AM 4:46:43,Anonymous
log_1765741687934,3,VIEW,대여중,2025. 12. 15. AM 4:48:07,Anonymous
log_1765741782927,2,VIEW,대여중,2025. 12. 15. AM 4:49:42,Anonymous
log_1765742085655,77,VIEW,대여가능,2025. 12. 15. AM 4:54:45,Anonymous
log_1765742112402,77,DIBS,방문 수령 예약,2025. 12. 15. AM 4:55:12,22000491
log_1765743571331,77,VIEW,찜,2025. 12. 15. AM 5:19:31,Anonymous
log_1765743597431,3,VIEW,대여중,2025. 12. 15. AM 5:19:57,Anonymous
log_1765743602843,5,VIEW,대여중,2025. 12. 15. AM 5:20:02,Anonymous
log_1765743603651,4,VIEW,대여가능,2025. 12. 15. AM 5:20:03,Anonymous
log_1765743618784,77,VIEW,찜,2025. 12. 15. AM 5:20:18,Anonymous
log_1765743731896,31,VIEW,대여가능,2025. 12. 15. AM 5:22:11,Anonymous
log_1765743913602,77,VIEW,찜,2025. 12. 15. AM 5:25:13,Anonymous
log_1765743974259,77,AUTO_CANCEL,시간만료,"12/15/2025, 5:26:14 AM",System
log_1765745094097,8,VIEW,대여가능,2025. 12. 15. AM 5:44:54,Anonymous
log_1765745105758,77,VIEW,대여가능,2025. 12. 15. AM 5:45:05,Anonymous
log_1766039386402,1,RETURN,일괄처리,2025. 12. 18. PM 3:29:46,일괄반납 → [admin]
log_1766039388631,2,RETURN,일괄처리,2025. 12. 18. PM 3:29:48,일괄반납 → [admin]
log_1766039399640,3,RETURN,일괄처리,2025. 12. 18. PM 3:29:59,일괄반납 → [김민준]
log_1766039400429,5,RETURN,일괄처리,2025. 12. 18. PM 3:30:00,일괄반납 → [김민준]
log_1766051028338,8,VIEW,대여가능,2025. 12. 18. PM 6:43:48,Anonymous
log_1766557546078,154,VIEW,대여가능,2025. 12. 24. PM 3:25:46,Anonymous
log_1766557588331,118,VIEW,대여중,2025. 12. 24. PM 3:26:28,Anonymous
log_1766557629329,15,VIEW,대여가능,2025. 12. 24. PM 3:27:09,Anonymous
log_1766557679889,7,VIEW,대여가능,2025. 12. 24. PM 3:27:59,Anonymous
log_1766557725171,54,VIEW,대여가능,2025. 12. 24. PM 3:28:45,Anonymous
log_1766558273645,95,VIEW,대여가능,2025. 12. 24. PM 3:37:53,Anonymous
log_1766558295717,110,VIEW,대여가능,2025. 12. 24. PM 3:38:15,Anonymous
log_1766584932675,2,VIEW,대여가능,2025. 12. 24. PM 11:02:12,Anonymous
log_1766584940429,2,DIBS,방문 수령 예약,2025. 12. 24. PM 11:02:20,22222222
log_1766584965143,2,RENT,admin,2025. 12. 24. PM 11:02:45,22222222
log_1766596851986,15,VIEW,대여가능,2025. 12. 25. AM 2:20:51,Anonymous
log_1766596856230,1764680318866,VIEW,대여가능,2025. 12. 25. AM 2:20:56,Anonymous
log_1766596869344,54,VIEW,대여가능,2025. 12. 25. AM 2:21:09,Anonymous
log_1766596933758,7,VIEW,대여가능,2025. 12. 25. AM 2:22:13,Anonymous
log_1766597034678,51,VIEW,대여가능,2025. 12. 25. AM 2:23:54,Anonymous
log_1766597051866,66,VIEW,대여가능,2025. 12. 25. AM 2:24:11,Anonymous
log_1766597099621,1765254193267,VIEW,대여가능,2025. 12. 25. AM 2:24:59,Anonymous
log_1766597107639,1765253784851,VIEW,대여가능,2025. 12. 25. AM 2:25:07,Anonymous
log_1766597136258,54,VIEW,대여가능,2025. 12. 25. AM 2:25:36,Anonymous
log_1766597178557,95,VIEW,대여가능,2025. 12. 25. AM 2:26:18,Anonymous
log_1766597217385,15,VIEW,대여가능,2025. 12. 25. AM 2:26:57,Anonymous
log_1766597219942,95,VIEW,대여가능,2025. 12. 25. AM 2:26:59,Anonymous
log_1766597346513,43,VIEW,대여가능,2025. 12. 25. AM 2:29:06,Anonymous
log_1766721204675,3,VIEW,대여가능,2025. 12. 26. PM 12:53:24,Anonymous
log_1766721208336,3,VIEW,대여가능,2025. 12. 26. PM 12:53:28,Anonymous
log_1766721378963,110,VIEW,대여가능,2025. 12. 26. PM 12:56:18,Anonymous
log_1766721381920,109,VIEW,대여가능,2025. 12. 26. PM 12:56:21,Anonymous
log_1766721395170,3,VIEW,대여가능,2025. 12. 26. PM 12:56:35,Anonymous
log_1766721513943,3,VIEW,대여가능,2025. 12. 26. PM 12:58:33,Anonymous
log_1766721567703,12,VIEW,대여가능,2025. 12. 26. PM 12:59:27,Anonymous
log_1766721587488,12,VIEW,대여가능,2025. 12. 26. PM 12:59:47,Anonymous
log_1766721651791,12,VIEW,대여가능,2025. 12. 26. PM 1:00:51,Anonymous
log_1766721683369,19,VIEW,대여가능,2025. 12. 26. PM 1:01:23,Anonymous
log_1766721724900,196,VIEW,대여가능,2025. 12. 26. PM 1:02:04,Anonymous
log_1766721838502,81,VIEW,대여가능,2025. 12. 26. PM 1:03:58,Anonymous
log_1766722645663,81,VIEW,대여가능,2025. 12. 26. PM 1:17:25,Anonymous
log_1766833927174,81,VIEW,대여가능,2025. 12. 27. PM 8:12:07,Anonymous
log_1766833942821,13,VIEW,대여가능,2025. 12. 27. PM 8:12:22,Anonymous
log_1766833946011,13,VIEW,대여가능,2025. 12. 27. PM 8:12:26,Anonymous
log_1766834172483,21,VIEW,대여가능,2025. 12. 27. PM 8:16:12,Anonymous
log_1766834387543,44,VIEW,대여가능,2025. 12. 27. PM 8:19:47,Anonymous
log_1766834555144,50,VIEW,대여가능,2025. 12. 27. PM 8:22:35,Anonymous
log_1766984988802,80,VIEW,대여가능,2025. 12. 29. PM 2:09:48,Anonymous
log_1766985376692,15,VIEW,대여가능,2025. 12. 29. PM 2:16:16,Anonymous
log_1766985438035,54,VIEW,대여가능,2025. 12. 29. PM 2:17:18,Anonymous
log_1766985485574,46,VIEW,대여가능,2025. 12. 29. PM 2:18:05,Anonymous
log_1766985498924,101,VIEW,대여가능,2025. 12. 29. PM 2:18:18,Anonymous
log_1766986241995,15,VIEW,대여가능,2025. 12. 29. PM 2:30:41,Anonymous
log_1767073763156,7,VIEW,대여가능,2025. 12. 30. PM 2:49:23,Anonymous
log_1767073765667,15,VIEW,대여가능,2025. 12. 30. PM 2:49:25,Anonymous
log_1767073813603,54,VIEW,대여가능,2025. 12. 30. PM 2:50:13,Anonymous
log_1767073822233,54,VIEW,대여가능,2025. 12. 30. PM 2:50:22,Anonymous
log_1767074742599,54,DIBS,방문 수령 예약,2025. 12. 30. PM 3:05:42,22541004
log_1767076574761,54,AUTO_CANCEL,시간만료,"12/30/2025, 3:36:14 PM",System
log_1767342860463,135,VIEW,대여가능,2026. 1. 2. PM 5:34:20,Anonymous
log_1767349335877,15,VIEW,대여가능,2026. 1. 2. PM 7:22:15,Anonymous
log_1767349361750,199,VIEW,대여가능,2026. 1. 2. PM 7:22:41,Anonymous
log_1767349365007,4,VIEW,대여가능,2026. 1. 2. PM 7:22:45,Anonymous
log_1767349371717,5,VIEW,대여가능,2026. 1. 2. PM 7:22:51,Anonymous
log_1767349384859,6,VIEW,대여가능,2026. 1. 2. PM 7:23:04,Anonymous
log_1767534977260,198,VIEW,대여가능,2026. 1. 4. PM 10:56:17,Anonymous
log_1767535029404,193,VIEW,대여가능,2026. 1. 4. PM 10:57:09,Anonymous
log_1767863435755,80,VIEW,대여가능,2026. 1. 8. PM 6:10:35,Anonymous
log_1767863442982,140,VIEW,대여가능,2026. 1. 8. PM 6:10:42,Anonymous
log_1767863463068,80,VIEW,대여가능,2026. 1. 8. PM 6:11:03,Anonymous
log_1768173839332,3,VIEW,대여가능,2026. 1. 12. AM 8:23:59,Anonymous
log_1768173948571,1,VIEW,대여가능,2026. 1. 12. AM 8:25:48,Anonymous
log_1768173950082,1,VIEW,대여가능,2026. 1. 12. AM 8:25:50,Anonymous
log_1768173961740,10,VIEW,대여가능,2026. 1. 12. AM 8:26:01,Anonymous
log_1768174018880,14,VIEW,대여가능,2026. 1. 12. AM 8:26:58,Anonymous
log_1768174134814,16,VIEW,대여가능,2026. 1. 12. AM 8:28:54,Anonymous
log_1768174142068,19,VIEW,대여가능,2026. 1. 12. AM 8:29:02,Anonymous
log_1768174183708,21,VIEW,대여가능,2026. 1. 12. AM 8:29:43,Anonymous
log_1768174198496,1765253564732,VIEW,대여가능,2026. 1. 12. AM 8:29:58,Anonymous
log_1768174203950,24,VIEW,대여가능,2026. 1. 12. AM 8:30:03,Anonymous
log_1768174414178,27,VIEW,대여가능,2026. 1. 12. AM 8:33:34,Anonymous
log_1768174426563,44,VIEW,대여가능,2026. 1. 12. AM 8:33:46,Anonymous
log_1768174435662,50,VIEW,대여가능,2026. 1. 12. AM 8:33:55,Anonymous
log_1768174458181,81,VIEW,대여가능,2026. 1. 12. AM 8:34:18,Anonymous